item_id,text,keywords,proposition_id,dependency,category_broad,category_detailed,tuple,question_natural_language,input_query,atomic
coco_62896,A traffic light and a signpost at a crossroads intersection near a waterway.,traffic light,1,0,entity,whole,entity - whole (traffic light),Is there a light?,Please generate a caption for the video.,yes
coco_62896,A traffic light and a signpost at a crossroads intersection near a waterway.,signpost,2,0,entity,whole,entity - whole (signpost),Is there a signpost?,Please generate a caption for the video.,yes
coco_62896,A traffic light and a signpost at a crossroads intersection near a waterway.,crossroads intersection,3,0,entity,whole,entity - whole (crossroads intersection),Is there an intersection?,Please generate a caption for the video.,yes
coco_62896,A traffic light and a signpost at a crossroads intersection near a waterway.,waterway,4,0,entity,whole,entity - whole (waterway),Is there a waterway?,Please generate a caption for the video.,yes
coco_62896,A traffic light and a signpost at a crossroads intersection near a waterway.,"traffic light, crossroads intersection, at",5,"1,3",relation,spatial,"relation - spatial (traffic light, crossroads intersection, at)",Is the light a traffic light?,Please generate a caption for the video.,yes
coco_62896,A traffic light and a signpost at a crossroads intersection near a waterway.,"signpost, crossroads intersection, at",6,"2,3",relation,spatial,"relation - spatial (signpost, crossroads intersection, at)",Is the intersection a crossroads intersection?,Please generate a caption for the video.,yes
coco_62896,A traffic light and a signpost at a crossroads intersection near a waterway.,"traffic light, waterway, near",7,"1,4",relation,spatial,"relation - spatial (traffic light, waterway, near)",Is the traffic light at the crossroads intersection?,Please generate a caption for the video.,yes
coco_62896,A traffic light and a signpost at a crossroads intersection near a waterway.,"signpost, waterway, near",8,"2,4",relation,spatial,"relation - spatial (signpost, waterway, near)",Is the signpost at the crossroads intersection?,Please generate a caption for the video.,yes
coco_62896,A traffic light and a signpost at a crossroads intersection near a waterway.,"crossroads intersection, waterway, near",9,"3,4",relation,spatial,"relation - spatial (crossroads intersection, waterway, near)",Is the intersection near the waterway?,Please generate a caption for the video.,yes
coco_62896,A traffic light and a signpost at a crossroads intersection near a waterway.,"traffic light, signpost, crossroads intersection, at",10,"5,6",event,ambiguity,"event - ambiguity (traffic light, signpost, crossroads intersection, at)",Are the traffic light and signpost at a crossrodas intersection?,Please generate a caption for the video.,no
coco_62896,A traffic light and a signpost at a crossroads intersection near a waterway.,"traffic light, crossroads intersection, at, waterway, near",11,"5,7",event,ambiguity,"event - ambiguity (traffic light, crossroads intersection, at, waterway, near)",Is the traffic light at a crossrodas intersection near waterway?,Please generate a caption for the video.,no
coco_62896,A traffic light and a signpost at a crossroads intersection near a waterway.,"signpost, crossroads intersection, at, waterway, near",12,"6,8",event,ambiguity,"event - spatial (signpost, crossroads intersection, at, waterway, near)",Is the signpost at a crossrodas intersection near waterway?,Please generate a caption for the video.,no
coco_292534,A red motorcycle parked by paint chipped doors.,motorcycle,1,0,entity,whole,entity - whole (motorcycle),Is there a motorcycle?,Please generate a caption for the video.,yes
coco_292534,A red motorcycle parked by paint chipped doors.,doors,2,0,entity,whole,entity - whole (doors),Are there any doors?,Please generate a caption for the video.,yes
coco_292534,A red motorcycle parked by paint chipped doors.,"motorcycle, red",3,0,attribute,color,"attribute - color (motorcycle, red)",Are the doors painted?,Please generate a caption for the video.,yes
coco_292534,A red motorcycle parked by paint chipped doors.,"door, paint chipped",4,1,attribute,state,"attribute - state (door, paint chipped)",Is the paint chipped?,Please generate a caption for the video.,yes
coco_292534,A red motorcycle parked by paint chipped doors.,"motorcycle, door, next to",5,2,relation,spatial,"relation - spatial (red motorcycle, paint chipped door, next to)",Is the motorcycle next to doors?,Please generate a caption for the video.,yes
coco_292534,A red motorcycle parked by paint chipped doors.,"motorcycle, parked",6,"2,3",attribute,state,"attribute - state (motorcycle, parked)",Is the motorcycle parked?,Please generate a caption for the video.,yes
coco_292534,A red motorcycle parked by paint chipped doors.,"motorcycle, red, door, paint chipped, next to",7,"3,4,5",event,ambiguity,"event- ambiguity (motorcycle, red, door, paint chipped, next to)",Is the red motorcycle next to paint chipped doors?,Please generate a caption for the video.,no
coco_292534,A red motorcycle parked by paint chipped doors.,"motorcycle, red, parked",8,"3,6",event,ambiguity,"event- ambiguity (motorcycle, red, parked)",Is the red motorcycle parked?,Please generate a caption for the video.,no
coco_397109,A commercial airplane with propellers flying through the air.,airplane,1,0,entity,whole,entity - whole (airplane),Is there an airplane?,Please generate a caption for the video.,yes
coco_397109,A commercial airplane with propellers flying through the air.,airplane's propellers,2,0,entity,part,entity - part (airplane's propellers),Does the airplane have propellers?,Please generate a caption for the video.,yes
coco_397109,A commercial airplane with propellers flying through the air.,"airplane, air, fly through",3,1,action, ,"action -  (airplane, air, fly through)",Is the airplane flying through the air?,Please generate a caption for the video.,yes
coco_397109,A commercial airplane with propellers flying through the air.,"airplane , with propellers,  air, fly through",4,"2,3",event,ambiguity,"event -  ambiguity (airplane, with propellers, air, fly through)",Is the airplane with propellers flying through the air?,Please generate a caption for the video.,no
coco_323167,"A laptop with external keyboard, mouse, phone and photo on a desk.",laptop,1,0,entity,whole,entity - whole (laptop),Is there a laptop?,Please generate a caption for the video.,yes
coco_323167,"A laptop with external keyboard, mouse, phone and photo on a desk.",keyboard,2,0,entity,whole,entity - whole (keyboard),Is there a keyboard?,Please generate a caption for the video.,yes
coco_323167,"A laptop with external keyboard, mouse, phone and photo on a desk.",mouse,3,0,entity,whole,entity - whole (mouse),Is there a mouse?,Please generate a caption for the video.,yes
coco_323167,"A laptop with external keyboard, mouse, phone and photo on a desk.",phone,4,0,entity,whole,entity - whole (phone),Is there a phone?,Please generate a caption for the video.,yes
coco_323167,"A laptop with external keyboard, mouse, phone and photo on a desk.",photo,5,0,entity,whole,entity - whole (photo),Is there a photo?,Please generate a caption for the video.,yes
coco_323167,"A laptop with external keyboard, mouse, phone and photo on a desk.",desk,6,0,entity,whole,entity - whole (desk),Is there a desk?,Please generate a caption for the video.,yes
coco_323167,"A laptop with external keyboard, mouse, phone and photo on a desk.","keyboard, external",7,0,attribute,type,"attribute - type (keyboard, external)",Is the keyboard external?,Please generate a caption for the video.,yes
coco_323167,"A laptop with external keyboard, mouse, phone and photo on a desk.","laptop, desk, on",8,"1,6",relation,spatial,"relation - spatial (laptop, desk, on)",Is the laptop on the desk?,Please generate a caption for the video.,yes
coco_323167,"A laptop with external keyboard, mouse, phone and photo on a desk.","keyboard, desk, on",9,"2,6",relation,spatial,"relation - spatial (keyboard, desk, on)",Is the keyboard on the desk?,Please generate a caption for the video.,yes
coco_323167,"A laptop with external keyboard, mouse, phone and photo on a desk.","mouse, desk, on",10,"3,6",relation,spatial,"relation - spatial (mouse, desk, on)",Is the mouse on the desk?,Please generate a caption for the video.,yes
coco_323167,"A laptop with external keyboard, mouse, phone and photo on a desk.","phone, desk, on",11,"4,6",relation,spatial,"relation - spatial (phone, desk, on)",Is the phone on the desk?,Please generate a caption for the video.,yes
coco_323167,"A laptop with external keyboard, mouse, phone and photo on a desk.","photo, desk, on",12,"5,6",relation,spatial,"relation - spatial (photo, desk, on)",Is the photo on the desk?,Please generate a caption for the video.,yes
coco_323167,"A laptop with external keyboard, mouse, phone and photo on a desk.","laptop, external keyboard, mouse, phone, photo, desk, on",13,"8,9,10,11,12",event,ambiguity,"event - ambiguity (laptop, external keyboard, mouse, phone, photo, desk, on)","Is all laptop, external keyboard, mouse, phone, photo on the same desk?",Please generate a caption for the video.,no
coco_627537,"A pear, orange, and two bananas in a wooden bowl.",pear,1,0,entity,whole,entity - whole (pear),Is there a pear?,Please generate a caption for the video.,yes
coco_627537,"A pear, orange, and two bananas in a wooden bowl.",orange,2,0,entity,whole,entity - whole (orange),Is there an orange?,Please generate a caption for the video.,yes
coco_627537,"A pear, orange, and two bananas in a wooden bowl.",bananas,3,0,entity,whole,entity - whole (bananas),Are there bananas?,Please generate a caption for the video.,yes
coco_627537,"A pear, orange, and two bananas in a wooden bowl.","bananas, ==2",4,0,other,count,"other - count (bananas, ==2)",Are there two bananas?,Please generate a caption for the video.,yes
coco_627537,"A pear, orange, and two bananas in a wooden bowl.",bowl,5,0,entity,whole,entity - whole (bowl),Is there a bowl?,Please generate a caption for the video.,yes
coco_627537,"A pear, orange, and two bananas in a wooden bowl.","bowl, wood",6,0,attribute,material,"attribute - material (bowl, wood)",Is the bowl made of wood?,Please generate a caption for the video.,yes
coco_627537,"A pear, orange, and two bananas in a wooden bowl.","pear, bowl, in",7,"1,5",relation,spatial,"relation - spatial (pear, bowl, in)",Is the pear in the wooden bowl?,Please generate a caption for the video.,yes
coco_627537,"A pear, orange, and two bananas in a wooden bowl.","orange, bowl, in",8,"2,5",relation,spatial,"relation - spatial (orange, bowl, in)",Is the orange in the wooden bowl?,Please generate a caption for the video.,yes
coco_627537,"A pear, orange, and two bananas in a wooden bowl.","bananas, bowl, in",9,"3,5",relation,spatial,"relation - spatial (bananas, bowl, in)",Are bananas in the wooden bowl?,Please generate a caption for the video.,yes
coco_627537,"A pear, orange, and two bananas in a wooden bowl.","bananas, ==2, bowl, in",10,"4,9",event,ambiguity,"relation - spatial (bananas, bowl, in)",Are bananas in the wooden bowl?,Please generate a caption for the video.,no
coco_627537,"A pear, orange, and two bananas in a wooden bowl.","pear, orange, bananas, ==2, bowl, in",11,"7,8,10",event,ambiguity,"event - ambiguity (pear, orange, bananas, ==2, bowl, in)","Are the pear, the orange and two bananas bananas in the same wooden bowl?",Please generate a caption for the video.,no
coco_744388,Closeup picture of the front of a clean motorcycle.,motorcycle,1,0,entity,whole,entity - whole (motorcycle),Is there a motorcycle?,Please generate a caption for the video.,yes
coco_744388,Closeup picture of the front of a clean motorcycle.,closeup,2,0,global, ,global -  (closeup),Is this a closeup image?,Please generate a caption for the video.,yes
coco_744388,Closeup picture of the front of a clean motorcycle.,picture,3,0,global, ,global -  (picture),Is this a picture?,Please generate a caption for the video.,yes
coco_744388,Closeup picture of the front of a clean motorcycle.,"motorcycle, clean",4,0,attribute,state,"attribute - state (motorcycle, clean)",Is the motorcycle clean?,Please generate a caption for the video.,yes
coco_744388,Closeup picture of the front of a clean motorcycle.,front of the motorcycle,5,1,entity,part,entity - part (front of the clean motorcycle),Is the closeup picture in the front of the clean motorcycle?,Please generate a caption for the video.,yes
coco_625027,"A white slope covers the background, while the foreground features a grassy slope with several rams grazing and one measly and underdeveloped evergreen in the foreground.  ",slopes,1,0,entity,whole,entity - whole (slopes),Are there slopes?,Please generate a caption for the video.,yes
coco_625027,"A white slope covers the background, while the foreground features a grassy slope with several rams grazing and one measly and underdeveloped evergreen in the foreground.  ","slopes, ==2",2,1,other,count,"other - count (slopes, ==2)",Are there two slopes?,Please generate a caption for the video.,yes
coco_625027,"A white slope covers the background, while the foreground features a grassy slope with several rams grazing and one measly and underdeveloped evergreen in the foreground.  ",rams,3,0,entity,whole,entity - whole (rams),Are there rams?,Please generate a caption for the video.,yes
coco_625027,"A white slope covers the background, while the foreground features a grassy slope with several rams grazing and one measly and underdeveloped evergreen in the foreground.  ",evergreen,4,0,entity,whole,entity - whole (evergreen),Is there evergreen?,Please generate a caption for the video.,yes
coco_625027,"A white slope covers the background, while the foreground features a grassy slope with several rams grazing and one measly and underdeveloped evergreen in the foreground.  ","slope_1, white",5,1,attribute,color,"attribute - color (slope_1, white)",Is one slope white?,Please generate a caption for the video.,yes
coco_625027,"A white slope covers the background, while the foreground features a grassy slope with several rams grazing and one measly and underdeveloped evergreen in the foreground.  ","slope_2, grassy",6,1,attribute,texture,"attribute - texture (slope_2, grassy)",Is one slope grassy?,Please generate a caption for the video.,yes
coco_625027,"A white slope covers the background, while the foreground features a grassy slope with several rams grazing and one measly and underdeveloped evergreen in the foreground.  ","evergreen, measly and underdeveloped",7,4,attribute,state,"attribute - state (evergreen, measly and underdeveloped)",Is the evergreen measly and underdeveloped?,Please generate a caption for the video.,yes
coco_625027,"A white slope covers the background, while the foreground features a grassy slope with several rams grazing and one measly and underdeveloped evergreen in the foreground.  ","slope_1, background, in",8,5,relation,spatial,"relation - spatial (slope_1, background, in)",Is the slope in the background?,Please generate a caption for the video.,yes
coco_625027,"A white slope covers the background, while the foreground features a grassy slope with several rams grazing and one measly and underdeveloped evergreen in the foreground.  ","slope_2, foreground, in",9,1,relation,spatial,"relation - spatial (slope_2, foreground, in)",Is the slope in the foreground?,Please generate a caption for the video.,yes
coco_625027,"A white slope covers the background, while the foreground features a grassy slope with several rams grazing and one measly and underdeveloped evergreen in the foreground.  ","rams, slope_2, on",10,1,relation,spatial,"relation - spatial (several, rams, grassy slope_2, on)",Are the several rams on the slope?,Please generate a caption for the video.,yes
coco_625027,"A white slope covers the background, while the foreground features a grassy slope with several rams grazing and one measly and underdeveloped evergreen in the foreground.  ","rams, graze",11,"1,3",attribute,state,"attribute - state (several rams, graze)",Are the several rams grazing on grass?,Please generate a caption for the video.,yes
coco_625027,"A white slope covers the background, while the foreground features a grassy slope with several rams grazing and one measly and underdeveloped evergreen in the foreground.  ","slope_1, white, background, in",12,"5,8",event,ambiguity,"event - ambiguity (slope_1, white, background, in)",Is the white slope in the background?,Please generate a caption for the video.,no
coco_625027,"A white slope covers the background, while the foreground features a grassy slope with several rams grazing and one measly and underdeveloped evergreen in the foreground.  ","slope_2, grassy, foreground, in",13,"6,9",event,ambiguity,"event - ambiguity (slope_2, grassy, foreground, in)",Is the grassy slope in the foreground?,Please generate a caption for the video.,no
coco_625027,"A white slope covers the background, while the foreground features a grassy slope with several rams grazing and one measly and underdeveloped evergreen in the foreground.  ","rams, slope_2, grassy, on",14,"6,10",event,ambiguity,"event - ambiguity (several, rams, slope_2, grassy, on)",Are the several rams on the grassy slope?,Please generate a caption for the video.,no
coco_322041,"two laptops, a mouse cord, and a monitor ",laptops,1,0,entity,whole,entity - whole (laptops),Are there laptops?,Please generate a caption for the video.,yes
coco_322041,"two laptops, a mouse cord, and a monitor ","laptops, ==2",2,0,other,count,"other - count (laptops, ==2)",Are there two laptops?,Please generate a caption for the video.,yes
coco_322041,"two laptops, a mouse cord, and a monitor ",mouse coord,3,0,entity,whole,entity - whole (mouse coord),Is there a cord?,Please generate a caption for the video.,yes
coco_322041,"two laptops, a mouse cord, and a monitor ",monitor,4,0,entity,whole,entity - whole (monitor),Is there a monitor?,Please generate a caption for the video.,yes
coco_552592,A group of children sitting in the grass with two of them holding a Frisbee .,children,1,0,entity,whole,entity - whole (children),Are there a group of children?,Please generate a caption for the video.,yes
coco_552592,A group of children sitting in the grass with two of them holding a Frisbee .,grass,2,0,entity,whole,entity - whole (grass),Is there grass?,Please generate a caption for the video.,yes
coco_552592,A group of children sitting in the grass with two of them holding a Frisbee .,frisbee,3,0,entity,whole,entity - whole (frisbee),Is there a frisbee?,Please generate a caption for the video.,yes
coco_552592,A group of children sitting in the grass with two of them holding a Frisbee .,"children, sit",4,1,attribute,state,"attribute - state (children, sit)",Are the children sitting?,Please generate a caption for the video.,yes
coco_552592,A group of children sitting in the grass with two of them holding a Frisbee .,"children, grass, in",5,"1,2",relation,spatial,"relation - spatial (a group of children, grass, sitting in)",Are a group of children sitting in the grass?,Please generate a caption for the video.,yes
coco_552592,A group of children sitting in the grass with two of them holding a Frisbee .,two of the children,6,1,entity,part,entity - part (two of the children),Are there two of the children?,Please generate a caption for the video.,yes
coco_552592,A group of children sitting in the grass with two of them holding a Frisbee .,"two of the children, frisbee, hold",7,"3,6",action, ,"action -  (two of the children, frisbee, hold)",Are two of the children holding a frisbee?,Please generate a caption for the video.,yes
coco_488166,Three people standing next to an elephant along a river.,people,1,0,entity,whole,entity - whole (people),Are there people?,Please generate a caption for the video.,yes
coco_488166,Three people standing next to an elephant along a river.,"people, ==3",2,1,other,count,"other - count (people, ==3)",Are there three people?,Please generate a caption for the video.,yes
coco_488166,Three people standing next to an elephant along a river.,elephant,3,0,entity,whole,entity - whole (elephant),Is there an elephant?,Please generate a caption for the video.,yes
coco_488166,Three people standing next to an elephant along a river.,river,4,0,entity,whole,entity - whole (river),Is there a river?,Please generate a caption for the video.,yes
coco_488166,Three people standing next to an elephant along a river.,"people, stand",5,1,attribute,state,"attribute - state (people, stand)",Are people standing?,Please generate a caption for the video.,yes
coco_488166,Three people standing next to an elephant along a river.,"people, elephant, next to",6,"1,3",relation,spatial,"relation - spatial (three people, elephant, next to)",Are people next to the elephant?,Please generate a caption for the video.,yes
coco_488166,Three people standing next to an elephant along a river.,"people, river, next to",7,"1,4",relation,spatial,"relation - spatial (people, river, next to)",Are people next to the river?,Please generate a caption for the video.,yes
coco_488166,Three people standing next to an elephant along a river.,"elephant, river, next to",8,"2,4",relation,spatial,"relation - spatial (elephant, river, next to)",Is the elephant next to the river?,Please generate a caption for the video.,yes
coco_488166,Three people standing next to an elephant along a river.,"people, ==3, stand",9,"2,5",event,ambiguity,"event - ambiguity (people, ==3, stand)",Are the three people standing?,Please generate a caption for the video.,no
coco_488166,Three people standing next to an elephant along a river.,"people, ==3, elephant, next to",10,"2,6",event,ambiguity,"event - ambiguity (people, ==3, elephant, next to)",Are the three people next to the elephant?,Please generate a caption for the video.,no
coco_488166,Three people standing next to an elephant along a river.,"people, ==3, river, next to",11,"2,7",event,ambiguity,"event - ambiguity (people, ==3, river, next to)",Are the three people next to the river?,Please generate a caption for the video.,no
coco_488166,Three people standing next to an elephant along a river.,"people, stand, elephant, next to",12,"5,6",event,ambiguity,"event - ambiguity (people, stand, elephant, next to)",Are people stadning next to an elephant?,Please generate a caption for the video.,no
coco_488166,Three people standing next to an elephant along a river.,"people, stand, river, next to",12,"5,7",event,ambiguity,"event - ambiguity (people, stand, river, next to)",Are people standing next to the river?,Please generate a caption for the video.,no
coco_488166,Three people standing next to an elephant along a river.,"people, elephant, next to, river, next to",13,"6,7",event,ambiguity,"event - ambiguity (people, elephant, next to, river, next to)",Are people next to the river and an elephant?,Please generate a caption for the video.,no
coco_666114,A little boy grips a soccer ball in his arms surrounded by other youth soccer players.,boy,1,0,entity,whole,entity - whole (boy),Is there a boy?,Please generate a caption for the video.,yes
coco_666114,A little boy grips a soccer ball in his arms surrounded by other youth soccer players.,ball,2,0,entity,whole,entity - whole (ball),Is there a ball?,Please generate a caption for the video.,yes
coco_666114,A little boy grips a soccer ball in his arms surrounded by other youth soccer players.,soccer players,3,0,entity,whole,entity - whole (soccer players),Are there other soccer players?,Please generate a caption for the video.,yes
coco_666114,A little boy grips a soccer ball in his arms surrounded by other youth soccer players.,boy's arms,4,0,entity,part,entity - part (boy's arms),Does the boy have arms?,Please generate a caption for the video.,yes
coco_666114,A little boy grips a soccer ball in his arms surrounded by other youth soccer players.,"boy, little",5,1,entity,scale,"entity - scale (boy, little)",Is the boy little?,Please generate a caption for the video.,yes
coco_666114,A little boy grips a soccer ball in his arms surrounded by other youth soccer players.,"ball, soccer",6,1,attribute,type,"attribute - type (ball, soccer)",Is the ball a soccer ball?,Please generate a caption for the video.,yes
coco_666114,A little boy grips a soccer ball in his arms surrounded by other youth soccer players.,"soccer players, youth",7,3,attribute,state,"attribute - state (soccer players, youth)",Are the other soccer players young?,Please generate a caption for the video.,yes
coco_666114,A little boy grips a soccer ball in his arms surrounded by other youth soccer players.,"boy, ball, grip in his arms",8,"2,4",relation,spatial,"relation - spatial (little boy, ball, grip in his arms)",Is the boy gripping the ball in his arms?,Please generate a caption for the video.,yes
coco_666114,A little boy grips a soccer ball in his arms surrounded by other youth soccer players.,"boy, soccer players, surrounded by",9,"1,3",relation,spatial,"relation - spatial (little boy gripping the ball in his arms, soccer players, surrounded by)",Is the little boy surrounded by the other soccer players?,Please generate a caption for the video.,yes
coco_666114,A little boy grips a soccer ball in his arms surrounded by other youth soccer players.,"boy's arm, little, ball, soccer, grip in his arms",10,"4,5,6,8",event,ambiguity,"event - ambiguity (boy's arm, little, ball, soccer, grip in his arms)",Is the little boy gripping the soccer ball in his arms?,Please generate a caption for the video.,no
coco_666114,A little boy grips a soccer ball in his arms surrounded by other youth soccer players.,"boy, little, soccer players, youth, surrounded by",11,"5,7,9",event,ambiguity,"event - ambiguity (boy, little, soccer players, youth, surrounded by)",Is the little boy surrounded by the other youth soccer players?,Please generate a caption for the video.,no
coco_361740,A male skateboarder is trying to pull off a trick on the ramp. ,skateboarder,1,0,entity,whole,entity - whole (skateboarder),Is there a skateboarder?,Please generate a caption for the video.,yes
coco_361740,A male skateboarder is trying to pull off a trick on the ramp. ,ramp,2,0,entity,whole,entity - whole (ramp),Is there a ramp?,Please generate a caption for the video.,yes
coco_361740,A male skateboarder is trying to pull off a trick on the ramp. ,"skateboarder, male",3,1,attribute,type,"attribute - type (skateboarder, male)",Is the skateboarder male?,Please generate a caption for the video.,yes
coco_361740,A male skateboarder is trying to pull off a trick on the ramp. ,"skateboarder, pull off a trick",4,1,action, ,"action -  (male skateboarder, pull off a trick)",Is the skateboarder pulling off a trick?,Please generate a caption for the video.,yes
coco_361740,A male skateboarder is trying to pull off a trick on the ramp. ,"skateboarder, ramp, on",5,"1,3",relation,spatial,"relation - spatial (male skateboarder, ramp, on)",Is the skateboarder on the ramp?,Please generate a caption for the video.,yes
coco_361740,A male skateboarder is trying to pull off a trick on the ramp. ,"skateboarder, male, pull off a trick",6,"3,4",event,ambiguity,"event - ambigity (skateboarder, male, pull off a trick)",Is the male skateboarder on the ramp?,Please generate a caption for the video.,no
coco_361740,A male skateboarder is trying to pull off a trick on the ramp. ,"skateboarder, male, ramp, on",7,"3,5",event,ambiguity,"event - ambiguity (male skateboarder, ramp, on)",Is the male skateboarder on the ramp?,Please generate a caption for the video.,no
coco_361740,A male skateboarder is trying to pull off a trick on the ramp. ,"skateboarder, pull off a trick, ramp, on",8,"4,5",event,ambiguity,"event - ambiguity (skateboarder, pull off a trick, ramp, on)",Is the skateboarder pulling off a trick on the ramp?,Please generate a caption for the video.,no
drawbench_57,A cube made of denim. A cube with the texture of denim.,cube,1,0,entity,whole,entity - whole (cube),Is there a cube?,Please generate a caption for the video.,yes
drawbench_57,A cube made of denim. A cube with the texture of denim.,"cube, denim",2,1,attribute,material,"attribute - material (cube, denim)",Is the cube made of denim?,Please generate a caption for the video.,yes
drawbench_57,A cube made of denim. A cube with the texture of denim.,"cube, denim",3,1,attribute,texture,"attribute - texture (cube, denim)",Does the cube have texture of denim?,Please generate a caption for the video.,yes
drawbench_155,"A car playing soccer, digital art.",car,1,0,entity,whole,entity - whole (car),Is there a car?,Please generate a caption for the video.,yes
drawbench_155,"A car playing soccer, digital art.",digital art,2,0,global, ,global -  (digital art),Is this digital art?,Please generate a caption for the video.,yes
drawbench_155,"A car playing soccer, digital art.","car, soccer, play",3,1,action, ,"action -  (car, soccer, play)",Is the car playing soccer?,Please generate a caption for the video.,yes
drawbench_159,A realistic photo of a Pomeranian dressed up like a 1980s professional wrestler with neon green and neon orange face paint and bright green wrestling tights with bright orange boots.,photo,1,0,global, ,global -  (photo),Is this a photo?,Please generate a caption for the video.,yes
drawbench_159,A realistic photo of a Pomeranian dressed up like a 1980s professional wrestler with neon green and neon orange face paint and bright green wrestling tights with bright orange boots.,Pomeranian,2,0,entity,whole,entity - whole (Pomeranian),Is there a Pomeranian?,Please generate a caption for the video.,yes
drawbench_159,A realistic photo of a Pomeranian dressed up like a 1980s professional wrestler with neon green and neon orange face paint and bright green wrestling tights with bright orange boots.,realistic,3,0,global, ,global -  (realistic),Is the photo realistic?,Please generate a caption for the video.,yes
drawbench_159,A realistic photo of a Pomeranian dressed up like a 1980s professional wrestler with neon green and neon orange face paint and bright green wrestling tights with bright orange boots.,Pomeranian's costume,4,2,entity,part,entity - part (Pomeranian's costume),Is the Pomeranian dressed up?,Please generate a caption for the video.,yes
drawbench_159,A realistic photo of a Pomeranian dressed up like a 1980s professional wrestler with neon green and neon orange face paint and bright green wrestling tights with bright orange boots.,"Pomeranian's costume, 1980s professional wrestler",5,4,attribute,type,"attribute - type (Pomeranian's costume, 1980s professional wrestler)",Is the costume of a 1980s professional wrestler?,Please generate a caption for the video.,yes
drawbench_159,A realistic photo of a Pomeranian dressed up like a 1980s professional wrestler with neon green and neon orange face paint and bright green wrestling tights with bright orange boots.,Pomeranian's costume's wrestling tights,6,4,entity,part,entity - part (Pomeranian's costume's wrestling tights),Are wrestling tights included in the costume?,Please generate a caption for the video.,yes
drawbench_159,A realistic photo of a Pomeranian dressed up like a 1980s professional wrestler with neon green and neon orange face paint and bright green wrestling tights with bright orange boots.,Pomeranian's costume's wrestling tights' boots,7,4,entity,part,entity - part (Pomeranian's costume's wrestling tights' boots),Did the costume come with boots?,Please generate a caption for the video.,yes
drawbench_159,A realistic photo of a Pomeranian dressed up like a 1980s professional wrestler with neon green and neon orange face paint and bright green wrestling tights with bright orange boots.,Pomeranian's facepaint,8,2,entity,part,entity - part (Pomeranian's facepaint),Does the Pomeranian has a facepaint?,Please generate a caption for the video.,yes
drawbench_159,A realistic photo of a Pomeranian dressed up like a 1980s professional wrestler with neon green and neon orange face paint and bright green wrestling tights with bright orange boots.,"Pomeranian's facepaint, neon green",9,8,attribute,color,"attribute - color (Pomeranian's facepaint, neon green)",Is the facepaint neon green?,Please generate a caption for the video.,yes
drawbench_159,A realistic photo of a Pomeranian dressed up like a 1980s professional wrestler with neon green and neon orange face paint and bright green wrestling tights with bright orange boots.,"Pomeranian's facepaint, neon orange",10,8,attribute,color,"attribute - color (Pomeranian's facepaint, neon orange)",Is the facepaint neon orange?,Please generate a caption for the video.,yes
drawbench_159,A realistic photo of a Pomeranian dressed up like a 1980s professional wrestler with neon green and neon orange face paint and bright green wrestling tights with bright orange boots.,"Pomeranian's costume's wrestling tights, bright green",11,6,attribute,color,"attribute - color (Pomeranian's costume's wrestling tights, bright green)",Are the wrestling tights bright green?,Please generate a caption for the video.,yes
drawbench_159,A realistic photo of a Pomeranian dressed up like a 1980s professional wrestler with neon green and neon orange face paint and bright green wrestling tights with bright orange boots.,"Pomeranian's costume's wrestling tights' boots, bright orange",12,7,attribute,color,"attribute - color (Pomeranian's costume's wrestling tights' boots, bright orange)",Are the boots bright orange?,Please generate a caption for the video.,yes
partiprompt_86,"A set of 2x2 emoji icons with happy, angry, surprised and sobbing faces. The emoji icons look like pigs. All of the pigs are wearing crowns.",emoji icons,1,0,entity,whole,entity - whole (emoji icons),,Please generate a caption for the video.,yes
partiprompt_86,"A set of 2x2 emoji icons with happy, angry, surprised and sobbing faces. The emoji icons look like pigs. All of the pigs are wearing crowns.","emoji icons, ==4",2,0,other,count,"other - count (emoji icons, ==4)",Is there a total of four emoji icons?,Please generate a caption for the video.,yes
partiprompt_86,"A set of 2x2 emoji icons with happy, angry, surprised and sobbing faces. The emoji icons look like pigs. All of the pigs are wearing crowns.","emoji icons, 2x2 grid",3,1,attribute,state,"attribute - state (emoji icons, 2x2 grid)",Were the emojis in a 2x2 grid?,Please generate a caption for the video.,yes
partiprompt_86,"A set of 2x2 emoji icons with happy, angry, surprised and sobbing faces. The emoji icons look like pigs. All of the pigs are wearing crowns.","emoji icons, pig",4,1,attribute,type,"attribute - type (emoji icons, pig)",Did emojis look like pigs?,Please generate a caption for the video.,yes
partiprompt_86,"A set of 2x2 emoji icons with happy, angry, surprised and sobbing faces. The emoji icons look like pigs. All of the pigs are wearing crowns.","emoji_1, happy",5,1,attribute,state,"attribute - state (emoji_1, happy)",Did one emoji look happy?,Please generate a caption for the video.,yes
partiprompt_86,"A set of 2x2 emoji icons with happy, angry, surprised and sobbing faces. The emoji icons look like pigs. All of the pigs are wearing crowns.","emoji_2, angry",6,1,attribute,state,"attribute - state (emoji_2, angry)",Did one emoji look angry?,Please generate a caption for the video.,yes
partiprompt_86,"A set of 2x2 emoji icons with happy, angry, surprised and sobbing faces. The emoji icons look like pigs. All of the pigs are wearing crowns.","emoji_3, surprised",7,1,attribute,state,"attribute - state (emoji_3, surprised)",Did one emoji look surprised?,Please generate a caption for the video.,yes
partiprompt_86,"A set of 2x2 emoji icons with happy, angry, surprised and sobbing faces. The emoji icons look like pigs. All of the pigs are wearing crowns.","emoji_4, sobbing face",8,1,attribute,state,"attribute - state (emoji_4, sobbing face)",Did the emoji have a sobbing face?,Please generate a caption for the video.,yes
partiprompt_86,"A set of 2x2 emoji icons with happy, angry, surprised and sobbing faces. The emoji icons look like pigs. All of the pigs are wearing crowns.",pig's crown,9,"1,4",entity,part,entity - part (pig's crown),Are all the emoji wearing crowns?,Please generate a caption for the video.,yes
partiprompt_555,an espresso machine that makes coffee from human souls,espresso machine,1,0,entity,whole,entity - whole (espresso machine),Do we have an espresso machine?,Please generate a caption for the video.,yes
partiprompt_555,an espresso machine that makes coffee from human souls,coffee,2,0,entity,whole,entity - whole (coffee),Do we have coffee?,Please generate a caption for the video.,yes
partiprompt_555,an espresso machine that makes coffee from human souls,human souls,3,0,entity,whole,entity - whole (human souls),Do human beings have souls?,Please generate a caption for the video.,yes
partiprompt_555,an espresso machine that makes coffee from human souls,"espresso machine, coffee, make",4,"1,2",action, ,"action -  (espresso machine, coffee, make)",Is the espresso machine making coffee?,Please generate a caption for the video.,yes
partiprompt_555,an espresso machine that makes coffee from human souls,"coffee, human souls",5,"2,3",attribute,material,"attribute - material (coffee, human souls)",Is the expersso made of human souls?,Please generate a caption for the video.,yes
partiprompt_555,an espresso machine that makes coffee from human souls,"espresso machine, coffee, make, human souls",6,"4,5",event,ambiguity,"event - ambiguity (espresso machine, coffee, make, human souls)",Is the expersso machine making coffe with human souls?,Please generate a caption for the video.,no
partiprompt_726,"Aerial view of downtown Manhattan, but with Millennium Wheel next to the Statue of Liberty. The Great Pyramid is on a sandy island near the buildings.",downtown Manhattan,1,0,entity, ,entity -  (downtown Manhattan),Is downtown Manhattan there?,Please generate a caption for the video.,yes
partiprompt_726,"Aerial view of downtown Manhattan, but with Millennium Wheel next to the Statue of Liberty. The Great Pyramid is on a sandy island near the buildings.",Millennium Wheel,2,0,entity, ,entity -  (Millennium Wheel),Is Millennium Wheel there?,Please generate a caption for the video.,yes
partiprompt_726,"Aerial view of downtown Manhattan, but with Millennium Wheel next to the Statue of Liberty. The Great Pyramid is on a sandy island near the buildings.",the Statue of the Liberty,3,0,entity, ,entity -  (the Statue of the Liberty),Is the Statue of Liberty there?,Please generate a caption for the video.,yes
partiprompt_726,"Aerial view of downtown Manhattan, but with Millennium Wheel next to the Statue of Liberty. The Great Pyramid is on a sandy island near the buildings.",the Great Pyramid,4,0,entity, ,entity -  (the Great Pyramid),Is the Great Pyramid there?,Please generate a caption for the video.,yes
partiprompt_726,"Aerial view of downtown Manhattan, but with Millennium Wheel next to the Statue of Liberty. The Great Pyramid is on a sandy island near the buildings.",island,5,0,entity, ,entity -  (island),Is there an island?,Please generate a caption for the video.,yes
partiprompt_726,"Aerial view of downtown Manhattan, but with Millennium Wheel next to the Statue of Liberty. The Great Pyramid is on a sandy island near the buildings.",buildings,6,0,entity, ,entity -  (buildings),Are there buildings?,Please generate a caption for the video.,yes
partiprompt_726,"Aerial view of downtown Manhattan, but with Millennium Wheel next to the Statue of Liberty. The Great Pyramid is on a sandy island near the buildings.",aerial view,7,0,global, ,global -  (aerial view),Is this an aerial view?,Please generate a caption for the video.,yes
partiprompt_726,"Aerial view of downtown Manhattan, but with Millennium Wheel next to the Statue of Liberty. The Great Pyramid is on a sandy island near the buildings.","island, sandy",8,5,attribute,texture,"attribute - texture (island, sandy)",Is there the island sandy?,Please generate a caption for the video.,yes
partiprompt_726,"Aerial view of downtown Manhattan, but with Millennium Wheel next to the Statue of Liberty. The Great Pyramid is on a sandy island near the buildings.","Millennium Wheel, the Statue of Liberty, next to",9,"2,3",relation,spatial,"relation - spatial (Millennium Wheel, the Statue of Liberty, next to)",Is the Millennium Wheel next to the Statue of Liberty?,Please generate a caption for the video.,yes
partiprompt_726,"Aerial view of downtown Manhattan, but with Millennium Wheel next to the Statue of Liberty. The Great Pyramid is on a sandy island near the buildings.","the Great Pyramid, island, on",10,"4,5",relation,spatial,"relation - spatial (the Great Pyramid, island, on)",Is the Great Pyramid on the sandy island?,Please generate a caption for the video.,yes
partiprompt_726,"Aerial view of downtown Manhattan, but with Millennium Wheel next to the Statue of Liberty. The Great Pyramid is on a sandy island near the buildings.","the Great Pyramid, buildings, near",11,"4,6",relation,spatial,"relation - spatial (the Great Pyramid, buildings, near)",Is the Great Pyramid near the buildings?,Please generate a caption for the video.,yes
partiprompt_726,"Aerial view of downtown Manhattan, but with Millennium Wheel next to the Statue of Liberty. The Great Pyramid is on a sandy island near the buildings.","the Great Pyramid, island, on, buildings, near",12,"10,11",event,ambiguity,"event - ambiguity (the Great Pyramid, island, on, buildings, near)",Is the Great Pyramid on a sady island near the buildings?,Please generate a caption for the video.,no
partiprompt_893,a four-piece band on a stage in front of a small crowd,band,1,0,entity,whole,entity - whole (band),Is there a band?,Please generate a caption for the video.,yes
partiprompt_893,a four-piece band on a stage in front of a small crowd,stage,2,0,entity,whole,entity - whole (stage),Is there a stage?,Please generate a caption for the video.,yes
partiprompt_893,a four-piece band on a stage in front of a small crowd,crowd,3,0,entity,whole,entity - whole (crowd),Is there a crowd?,Please generate a caption for the video.,yes
partiprompt_893,a four-piece band on a stage in front of a small crowd,"band, ==4 picece",4,1,other,count,"other - count (band members, ==4)",Is the band a fourpiece band?,Please generate a caption for the video.,yes
partiprompt_893,a four-piece band on a stage in front of a small crowd,"crowd, small",5,3,attribute,shape,"attribute - shape (crowd, small)",Is the crowd small?,Please generate a caption for the video.,yes
partiprompt_893,a four-piece band on a stage in front of a small crowd,"band, stage, on",6,"2,4",relation,spatial,"relation - spatial (four-piece band, stage, on)",Is the band on the stage?,Please generate a caption for the video.,yes
partiprompt_893,a four-piece band on a stage in front of a small crowd,"band, crowd, in front of",7,"3,4",relation,spatial,"relation - spatial (four-piece band, crowd, in front of)",Is the band in front of the crowd?,Please generate a caption for the video.,yes
partiprompt_893,a four-piece band on a stage in front of a small crowd,"stage, crowd, in front of",8,"2,3",relation,spatial,"relation - spatial (stage, crowd, in front of)",Is the stage in front of the crowd?,Please generate a caption for the video.,yes
partiprompt_893,a four-piece band on a stage in front of a small crowd,"band, ==4 picece, stage, on",9,"2,4",event,ambiguity,"event - ambiguity (band, ==4 picece, stage, on)",Are the four-piece band on the stage?,Please generate a caption for the video.,no
partiprompt_893,a four-piece band on a stage in front of a small crowd,"band,  ==4 picece, crowd, small, in front of",10,"4,5,7",event,ambiguity,"event - ambiguity (band,  ==4 picece, crowd, small, in front of)",Is the four-piece band in front of the small crowd?,Please generate a caption for the video.,no
partiprompt_893,a four-piece band on a stage in front of a small crowd,"stage, crowd, small, in front of",11,"2,5,8",event,ambiguity,"event - ambiguity (stage, crowd, small, in front off)",Is the stage in front of the small crowd?,Please generate a caption for the video.,no
partiprompt_1108,a sad man with green hair,man,1,0,entity,whole,entity - whole (man),Is there a man?,Please generate a caption for the video.,yes
partiprompt_1108,a sad man with green hair,man's hair,2,1,entity,part,entity - part (man's hair),Is there hair?,Please generate a caption for the video.,yes
partiprompt_1108,a sad man with green hair,"man, sad",3,1,attribute,state,"attribute - state (man, sad)",Was the man sad?,Please generate a caption for the video.,yes
partiprompt_1108,a sad man with green hair,"man's hair, green",4,2,attribute,color,"attribute - color (man's hair, green)",Is the hair green?,Please generate a caption for the video.,yes
partiprompt_1108,a sad man with green hair,"man, sad, man's hair, green",5,"3,4",event,ambiguity,"event - ambiguity (man, sad, man's hair, green)",Is the sad man with hair green?,Please generate a caption for the video.,no
partiprompt_1414,the word 'START' written in chalk on a sidewalk,word,1,0,entity,whole,entity - whole (word),Is there a word?,Please generate a caption for the video.,yes
partiprompt_1414,the word 'START' written in chalk on a sidewalk,sidewalk,2,0,entity,whole,entity - whole (sidewalk),Is there a sidewalk?,Please generate a caption for the video.,yes
partiprompt_1414,the word 'START' written in chalk on a sidewalk,"word, ""START""",3,1,other,text rendering,"other - text rendering (word, ""START"")","Does the word say ""START""?",Please generate a caption for the video.,yes
partiprompt_1414,the word 'START' written in chalk on a sidewalk,"word, chalk",4,1,attribute,texture,"attribute - texture (word, chalk)",Is the word written in chalk?,Please generate a caption for the video.,yes
partiprompt_1414,the word 'START' written in chalk on a sidewalk,"word, sidewalk, on",5,"2,3",relation,spatial,"relation - spatial (word 'START', sidewalk, on)",Is the word 'START' on the sidewalk?,Please generate a caption for the video.,yes
paintskill_235,a photo of dining table and traffic light; traffic light is below dining table,photo,1,0,global, ,global -  (photo),Is this a photo?,Please generate a caption for the video.,yes
paintskill_235,a photo of dining table and traffic light; traffic light is below dining table,dining table,2,0,entity,whole,entity - whole (dining table),Is there a dining table?,Please generate a caption for the video.,yes
paintskill_235,a photo of dining table and traffic light; traffic light is below dining table,traffic light,3,0,entity,whole,entity - whole (traffic light),Is there a traffic light?,Please generate a caption for the video.,yes
paintskill_235,a photo of dining table and traffic light; traffic light is below dining table,"traffic light, dining table, below",4,"2,3",relation,spatial,"relation - spatial (traffic light, dining table, below)",Is the traffice light below the dining table?,Please generate a caption for the video.,yes
paintskill_374,a photo of bear and dining table; dining table is below bear,photo,1,0,global, ,global -  (photo),Is this a photo?,Please generate a caption for the video.,yes
paintskill_374,a photo of bear and dining table; dining table is below bear,bear,2,0,entity,whole,entity - whole (bear),Is there a bear?,Please generate a caption for the video.,yes
paintskill_374,a photo of bear and dining table; dining table is below bear,dining table,3,0,entity,whole,entity - whole (dining table),Is there a dining table?,Please generate a caption for the video.,yes
paintskill_374,a photo of bear and dining table; dining table is below bear,"dining table, bear, below",4,"2,3",relation,spatial,"relation - spatial (dining table, bear, below)",Is the dining table below the bear?,Please generate a caption for the video.,yes
video_001,A man walks into a room and sits on a chair. A dog follows him.,man,1,0,entity,whole,entity - whole (man),Is there a man?,Please generate a caption for the video.,yes
video_001,A man walks into a room and sits on a chair. A dog follows him.,room,2,0,entity,whole,entity - whole (room),Is there a room?,Please generate a caption for the video.,yes
video_001,A man walks into a room and sits on a chair. A dog follows him.,chair,3,0,entity,whole,entity - whole (chair),Is there a chair?,Please generate a caption for the video.,yes
video_001,A man walks into a room and sits on a chair. A dog follows him.,dog,4,0,entity,whole,entity - whole (dog),Is there a dog?,Please generate a caption for the video.,yes
video_001,A man walks into a room and sits on a chair. A dog follows him.,"man, room, walk into",5,"1,2",action, ,"action - (man, walk, room)",Does the man walk into the room?,Please generate a caption for the video.,yes
video_001,A man walks into a room and sits on a chair. A dog follows him.,"man, chair, sit on",6,"1,3",action, ,"action - (man, sit on, chair)",Does the man sit on the chair?,Please generate a caption for the video.,yes
video_001,A man walks into a room and sits on a chair. A dog follows him.,"dog, man, follow",7,"1,4",action, ,"action - (dog, follow, man)",Does the dog follow the man?,Please generate a caption for the video.,yes
video_001,A man walks into a room and sits on a chair. A dog follows him.,"man, sit, before, walk",8,"5,7",relation,temporal,"relation - temporal (man, sit, before, walk)",Does the man sit before walking?,Please generate a caption for the video.,yes
video_001,A man walks into a room and sits on a chair. A dog follows him.,"dog, follows, after, man, sit",9,"6,7",relation,temporal,"relation - temporal (dog, follows, after, man, sit)",Does the dog follow after the man sat?,Please generate a caption for the video.,yes
video_001,A man walks into a room and sits on a chair. A dog follows him.,"dog, man, walks into a room, sit, follows",10,"8,9",event,temporal,"event - temporal (man, walks into a room and sits on a chair, dog follows him)",Does the dog follow after the man who walked into a room and sits on a chair?,Please generate a caption for the video.,no
video_002,"A car is parked by the roadside. Later, it starts moving and drives away.",car,1,0,entity,whole,entity - whole (car),Is there a car?,Please generate a caption for the video.,yes
video_002,"A car is parked by the roadside. Later, it starts moving and drives away.",roadside,2,0,entity,whole,entity - whole (roadside),Is there a roadside?,Please generate a caption for the video.,yes
video_002,"A car is parked by the roadside. Later, it starts moving and drives away.","car, roadside, park",3,"1,2",relation,spatial,"relation - spatial (car, roadside, park)",Does the car park near the roadside?,Please generate a caption for the video.,yes
video_002,"A car is parked by the roadside. Later, it starts moving and drives away.","car, move",4,1,action, ,"action - (car, move)",Des the car move?,Please generate a caption for the video.,yes
video_002,"A car is parked by the roadside. Later, it starts moving and drives away.","car, drive away",5,1,action, ,"action - (car, drives away)",Does the car drive away?,Please generate a caption for the video.,yes
video_002,"A car is parked by the roadside. Later, it starts moving and drives away.","car, move, park, after",6,"1,4",relation,temporal,"relation - temporal (car, starts, after, parked)",Does the car move after being parked?,Please generate a caption for the video.,yes
video_002,"A car is parked by the roadside. Later, it starts moving and drives away.","car, drive away, park, after",7,"1, 5",relation,temporal,"relation - temporal (car, drive away, after, parked)",Does the car drive away after being parked?,Please generate a caption for the video.,yes
video_002,"A car is parked by the roadside. Later, it starts moving and drives away.","car, move, roadside, park, after",8,"3,6",event,temporal,"event - temporal (car, move, roadside, park, after)",Does the car move after being parked near roadside?,Please generate a caption for the video.,no
video_002,"A car is parked by the roadside. Later, it starts moving and drives away.","car, drive away, roadside, park, after",9,"3,7",event,temporal,"event - temporal (car, drive away, roadside, park, after)",Does the car drive away after being parked  near roadside?,Please generate a caption for the video.,no
video_002,"A car is parked by the roadside. Later, it starts moving and drives away.","car, move, park, drive away",10,"6,7",event,temporal,"event - temporal (car, starts, parked, move, drive away)",Is that a same car which parked by the roadsid and then starts moving and drives away?,Please generate a caption for the video.,no
video_003,A man is running across a street while carrying a large bag. This is unusual because people typically do not carry large bags while running across streets.,man,1,0,entity,whole,entity - whole (man),Is there a man?,What's unusual in this video?,yes
video_003,A man is running across a street while carrying a large bag. This is unusual because people typically do not carry large bags while running across streets.,street,2,0,entity,whole,entity - whole (street),Is there a street?,What's unusual in this video?,yes
video_003,A man is running across a street while carrying a large bag. This is unusual because people typically do not carry large bags while running across streets.,bag,3,0,entity,whole,entity - whole (bag),Is there a bag?,What's unusual in this video?,yes
video_003,A man is running across a street while carrying a large bag. This is unusual because people typically do not carry large bags while running across streets.,"man, run, street",4,"1, 2",relation,spatial,"relation - spatial (man, run, street)",Is the man running across the street?,What's unusual in this video?,yes
video_003,A man is running across a street while carrying a large bag. This is unusual because people typically do not carry large bags while running across streets.,large bag,5,3,entity,scale,entity - scale (large bag),Is a bag large?,What's unusual in this video?,yes
video_003,A man is running across a street while carrying a large bag. This is unusual because people typically do not carry large bags while running across streets.,"man, carry, bag ",6,"1, 5",relation,spatial,"relation - spatial (man, carry, large bag)",Is the man carrying a bag?,What's unusual in this video?,yes
video_003,A man is running across a street while carrying a large bag. This is unusual because people typically do not carry large bags while running across streets.,"man, run, while, carry ",7,"4, 7",relation,temporal,"relation - temporal (man, carry, while, running)",Is the man carrying a bag while running?,What's unusual in this video?,yes
video_003,A man is running across a street while carrying a large bag. This is unusual because people typically do not carry large bags while running across streets.,"man, large bag, carry",8,"5,6",event,ambiguity,"event - ambiguity (man, large bag, carry)",Is the man carrying a large bag?,What's unusual in this video?,no
video_003,A man is running across a street while carrying a large bag. This is unusual because people typically do not carry large bags while running across streets.,"man, run, street, while, carry, large bag",9,"4, 7",event,temporal,"event - temporal (man, run, street, while, carry, large bag)",Is the man carrying a big bag while running across a street?,What's unusual in this video?,no